{"cameraMode":{"drawMode":0,"name":"Shaded","section":"Shading Mode"},"sceneLighting":false,"audioPlay":false,"sceneViewState":{"showFog":true,"showMaterialUpdate":false,"showSkybox":true,"showFlares":true,"showImageEffects":true,"showParticleSystems":true},"in2DMode":false,"pivot":{"x":792.8876953125,"y":321.50970458984377,"z":64.478515625},"rotation":{"x":-0.03179996460676193,"y":-0.017393244430422784,"z":0.00055410381173715,"w":-0.9993539452552795},"size":1479.24072265625,"orthographic":false}