{"cameraMode":{"drawMode":0,"name":"Shaded","section":"Shading Mode"},"sceneLighting":false,"audioPlay":false,"sceneViewState":{"showFog":true,"showMaterialUpdate":false,"showSkybox":false,"showFlares":true,"showImageEffects":true,"showParticleSystems":true},"in2DMode":false,"pivot":{"x":642.574462890625,"y":9.9425048828125,"z":51.971435546875},"rotation":{"x":-0.06626178324222565,"y":0.0020924899727106096,"z":-0.0001332793472101912,"w":-0.9978109002113342},"size":1203.8087158203125,"orthographic":false}